200	https://www.beatrox.com	index.html
200	https://www.beatrox.com/about	about.html
200	https://www.beatrox.com/work	work.html
200	https://www.beatrox.com/services	services.html
200	https://www.beatrox.com/tech	tech.html
200	https://www.beatrox.com/team	team.html
200	https://www.beatrox.com/book	book.html
200	https://www.beatrox.com/contact	contact.html
200	https://www.beatrox.com/videos	videos.html
200	https://www.beatrox.com/case-studies	case-studies.html
200	https://www.beatrox.com/work/aku-world	work/aku-world.html
200	https://www.beatrox.com/work/buzzfeed	work/buzzfeed.html
200	https://www.beatrox.com/work/cnn-road-to-270	work/cnn-road-to-270.html
200	https://www.beatrox.com/work/create-our-future	work/create-our-future.html
200	https://www.beatrox.com/work/destination	work/destination.html
200	https://www.beatrox.com/work/disenchantment	work/disenchantment.html
200	https://www.beatrox.com/work/dubai-360-spherical-projection-theatre	work/dubai-360-spherical-projection-theatre.html
200	https://www.beatrox.com/work/el-camino	work/el-camino.html
200	https://www.beatrox.com/work/flir	work/flir.html
200	https://www.beatrox.com/work/g-man-experiential-campaign	work/g-man-experiential-campaign.html
200	https://www.beatrox.com/work/infinite-playlist	work/infinite-playlist.html
200	https://www.beatrox.com/work/myshelter	work/myshelter.html
200	https://www.beatrox.com/work/projecting-change-racing-extinction	work/projecting-change-racing-extinction.html
200	https://www.beatrox.com/work/projekt-x	work/projekt-x.html
200	https://www.beatrox.com/work/run-for-the-oceans	work/run-for-the-oceans.html
200	https://www.beatrox.com/work/super-bowl-2020	work/super-bowl-2020.html
200	https://www.beatrox.com/work/the-great-escape	work/the-great-escape.html
200	https://www.beatrox.com/services/audio-production	services/audio-production.html
200	https://www.beatrox.com/services/backline-stage-rental	services/backline-stage-rental.html
200	https://www.beatrox.com/services/custom-fabrication	services/custom-fabrication.html
200	https://www.beatrox.com/services/drone-light-shows	services/drone-light-shows.html
200	https://www.beatrox.com/services/event-production	services/event-production.html
200	https://www.beatrox.com/services/experiential-events	services/experiential-events.html
200	https://www.beatrox.com/services/immersive-environments	services/immersive-environments.html
200	https://www.beatrox.com/services/laser-shows	services/laser-shows.html
200	https://www.beatrox.com/services/led-video-wall-rentals	services/led-video-wall-rentals.html
200	https://www.beatrox.com/services/lighting-services	services/lighting-services.html
200	https://www.beatrox.com/services/multimedia-displays	services/multimedia-displays.html
200	https://www.beatrox.com/services/projection-mapping	services/projection-mapping.html
200	https://www.beatrox.com/services/sound-equipment-rentals	services/sound-equipment-rentals.html
200	https://www.beatrox.com/services/stage-design	services/stage-design.html
200	https://www.beatrox.com/tech/3d-animation-motion-capture	tech/3d-animation-motion-capture.html
200	https://www.beatrox.com/tech/av-content-design	tech/av-content-design.html
200	https://www.beatrox.com/tech/av-equipment-sourcing-rentals	tech/av-equipment-sourcing-rentals.html
200	https://www.beatrox.com/tech/av-system-integration	tech/av-system-integration.html
200	https://www.beatrox.com/tech/cnc-machining	tech/cnc-machining.html
200	https://www.beatrox.com/tech/consultation-system-design	tech/consultation-system-design.html
200	https://www.beatrox.com/tech/drafting-detail-drawings	tech/drafting-detail-drawings.html
200	https://www.beatrox.com/tech/engineering-certification	tech/engineering-certification.html
200	https://www.beatrox.com/tech/environmental-design	tech/environmental-design.html
200	https://www.beatrox.com/tech/event-planning-logistics	tech/event-planning-logistics.html
200	https://www.beatrox.com/tech/interactive-ui-ux-design	tech/interactive-ui-ux-design.html
200	https://www.beatrox.com/tech/labor-hire-crew-roles	tech/labor-hire-crew-roles.html
200	https://www.beatrox.com/tech/lighting-design	tech/lighting-design.html
200	https://www.beatrox.com/tech/lighting-integration	tech/lighting-integration.html
200	https://www.beatrox.com/tech/materials-sourcing-selection	tech/materials-sourcing-selection.html
200	https://www.beatrox.com/tech/media-server-playback-solutions	tech/media-server-playback-solutions.html
200	https://www.beatrox.com/tech/permanent-installation	tech/permanent-installation.html
200	https://www.beatrox.com/tech/permit-submittal	tech/permit-submittal.html
200	https://www.beatrox.com/tech/pre-visualization	tech/pre-visualization.html
200	https://www.beatrox.com/tech/production-management	tech/production-management.html
200	https://www.beatrox.com/tech/realtime-content-ar-vr-xr	tech/realtime-content-ar-vr-xr.html
200	https://www.beatrox.com/tech/set-scenic-assembly	tech/set-scenic-assembly.html
200	https://www.beatrox.com/tech/site-floor-plans	tech/site-floor-plans.html
200	https://www.beatrox.com/tech/software-development	tech/software-development.html
200	https://www.beatrox.com/tech/staging-rigging	tech/staging-rigging.html
200	https://www.beatrox.com/tech/system-maintenance-support	tech/system-maintenance-support.html
200	https://www.beatrox.com/tech/technical-direction	tech/technical-direction.html
200	https://www.beatrox.com/tech/technical-documentation	tech/technical-documentation.html
200	https://www.beatrox.com/tech/tour-management	tech/tour-management.html
200	https://www.beatrox.com/tech/trade-convention-booths	tech/trade-convention-booths.html
200	https://www.beatrox.com/tech/venue-sourcing-booking	tech/venue-sourcing-booking.html
200	https://www.beatrox.com/case-studies/amazon-music-live-infinite-playlist-tour	case-studies/amazon-music-live-infinite-playlist-tour.html
200	https://www.beatrox.com/case-studies/cnn-road-to-270	case-studies/cnn-road-to-270.html
200	https://www.beatrox.com/case-studies/disenchantment	case-studies/disenchantment.html
200	https://www.beatrox.com/case-studies/el-camino	case-studies/el-camino.html
200	https://www.beatrox.com/case-studies/g-man-experiential-campaign	case-studies/g-man-experiential-campaign.html
200	https://www.beatrox.com/case-studies/the-great-escape	case-studies/the-great-escape.html
200	https://www.beatrox.com/robots.txt	robots.txt
